{
  "restaurants": [
    {
      "id": 0,
      "name": "Pizza Hut",
      "image": "images/pizzaHut.jpg",
      "category": "mains",
      "label": "Hot",
      "price": "4.99",
      "featured": true,
      "description": "A unique combination of Indian Uthappam (pancake) and Italian pizza, topped with Cerignola olives, ripe vine cherry tomatoes, Vidalia onion, Guntur chillies and Buffalo Paneer."
    },
    {
      "id": 1,
      "name": "KFC",
      "image": "images/kfc.jpg",
      "category": "appetizer",
      "label": "",
      "price": "1.99",
      "featured": false,
      "description": "Deep fried Zucchini coated with mildly spiced Chickpea flour batter accompanied with a sweet-tangy tamarind sauce"
    },
    {
      "id": 2,
      "name": "Coffee Bean",
      "image": "images/coffeeBean.jpg",
      "category": "appetizer",
      "label": "New",
      "price": "1.99",
      "featured": false,
      "description": "A quintessential ConFusion experience, is it a vada or is it a donut?"
    },
    {
      "id": 3,
      "name": "Burger Rush",
      "image": "images/burgerRush.png",
      "category": "appetizer",
      "label": "",
      "price": "2.99",
      "featured": false,
      "description": "A delectable, semi-sweet New York Style Cheese Cake, with Graham cracker crust and spiced with Indian cardamoms"
    }
  ],
  "comments": [
    {
      "id": 0,
      "restaurantId": 0,
      "rating": 5,
      "comment": "Imagine all the eatables, living in conFusion!",
      "author": "John Lemon",
      "date": "2012-10-16T17:57:28.556094Z"
    },
    {
      "id": 1,
      "restaurantId": 0,
      "rating": 4,
      "comment": "Sends anyone to heaven, I wish I could get my mother-in-law to eat it!",
      "author": "Paul McVites",
      "date": "2014-09-05T17:57:28.556094Z"
    },
    {
      "id": 2,
      "restaurantId": 0,
      "rating": 3,
      "comment": "Eat it, just eat it!",
      "author": "Michael Jaikishan",
      "date": "2015-02-13T17:57:28.556094Z"
    },
    {
      "id": 3,
      "restaurantId": 0,
      "rating": 4,
      "comment": "Ultimate, Reaching for the stars!",
      "author": "Ringo Starry",
      "date": "2013-12-02T17:57:28.556094Z"
    },
    {
      "id": 4,
      "restaurantId": 0,
      "rating": 2,
      "comment": "It's your birthday, we're gonna party!",
      "author": "25 Cent",
      "date": "2011-12-02T17:57:28.556094Z"
    },
    {
      "id": 5,
      "restaurantId": 1,
      "rating": 5,
      "comment": "Imagine all the eatables, living in conFusion!",
      "author": "John Lemon",
      "date": "2012-10-16T17:57:28.556094Z"
    },
    {
      "id": 6,
      "restaurantId": 1,
      "rating": 4,
      "comment": "Sends anyone to heaven, I wish I could get my mother-in-law to eat it!",
      "author": "Paul McVites",
      "date": "2014-09-05T17:57:28.556094Z"
    },
    {
      "id": 7,
      "restaurantId": 1,
      "rating": 3,
      "comment": "Eat it, just eat it!",
      "author": "Michael Jaikishan",
      "date": "2015-02-13T17:57:28.556094Z"
    },
    {
      "id": 8,
      "restaurantId": 1,
      "rating": 4,
      "comment": "Ultimate, Reaching for the stars!",
      "author": "Ringo Starry",
      "date": "2013-12-02T17:57:28.556094Z"
    },
    {
      "id": 9,
      "restaurantId": 1,
      "rating": 2,
      "comment": "It's your birthday, we're gonna party!",
      "author": "25 Cent",
      "date": "2011-12-02T17:57:28.556094Z"
    },
    {
      "id": 10,
      "restaurantId": 2,
      "rating": 5,
      "comment": "Imagine all the eatables, living in conFusion!",
      "author": "John Lemon",
      "date": "2012-10-16T17:57:28.556094Z"
    },
    {
      "id": 11,
      "restaurantId": 2,
      "rating": 4,
      "comment": "Sends anyone to heaven, I wish I could get my mother-in-law to eat it!",
      "author": "Paul McVites",
      "date": "2014-09-05T17:57:28.556094Z"
    },
    {
      "id": 12,
      "restaurantId": 2,
      "rating": 3,
      "comment": "Eat it, just eat it!",
      "author": "Michael Jaikishan",
      "date": "2015-02-13T17:57:28.556094Z"
    },
    {
      "id": 13,
      "restaurantId": 2,
      "rating": 4,
      "comment": "Ultimate, Reaching for the stars!",
      "author": "Ringo Starry",
      "date": "2013-12-02T17:57:28.556094Z"
    },
    {
      "id": 14,
      "restaurantId": 2,
      "rating": 2,
      "comment": "It's your birthday, we're gonna party!",
      "author": "25 Cent",
      "date": "2011-12-02T17:57:28.556094Z"
    },
    {
      "id": 15,
      "restaurantId": 3,
      "rating": 5,
      "comment": "Imagine all the eatables, living in conFusion!",
      "author": "John Lemon",
      "date": "2012-10-16T17:57:28.556094Z"
    },
    {
      "id": 16,
      "restaurantId": 3,
      "rating": 4,
      "comment": "Sends anyone to heaven, I wish I could get my mother-in-law to eat it!",
      "author": "Paul McVites",
      "date": "2014-09-05T17:57:28.556094Z"
    },
    {
      "id": 17,
      "restaurantId": 3,
      "rating": 3,
      "comment": "Eat it, just eat it!",
      "author": "Michael Jaikishan",
      "date": "2015-02-13T17:57:28.556094Z"
    },
    {
      "id": 18,
      "restaurantId": 3,
      "rating": 4,
      "comment": "Ultimate, Reaching for the stars!",
      "author": "Ringo Starry",
      "date": "2013-12-02T17:57:28.556094Z"
    },
    {
      "id": 19,
      "restaurantId": 3,
      "rating": 2,
      "comment": "It's your birthday, we're gonna party!",
      "author": "25 Cent",
      "date": "2011-12-02T17:57:28.556094Z"
    },
    {
      "restaurantId": 0,
      "rating": "4",
      "author": "Saad",
      "comment": "Good fusion",
      "date": "2021-04-17T05:05:01.516Z",
      "id": 20
    }
  ],
  "promotions": [
    {
      "id": 0,
      "name": "Chicken Pan Pizzas 4 All",
      "image": "images/pizzaPromo.jpg",
      "label": "RestaurantPromo",
      "price": "19.99",
      "featured": true,
      "description": "Enjoy the delicious CHICKEN PAN 4 ALL with Pizza Hut! 🍕 Choose any 4 Personal Pan Pizzas from our range of Chicken Pizzabilities for only Rs.1699, valid till 30th April 2021!! 🔥 "
    },
    {
      "id": 1,
      "name": "Sale - Electric Countertop Griddle",
      "image": "images/suppliesPromo.png",
      "label": "SuppliesPromo",
      "price": "0",
      "featured": true,
      "description": "Extra-large, 24 x 16 grilling surface - perfect for larger items such as quesadillas, omelets and pancakes. Consistent, even heat distribution. Brushed stainless steel construction "
    },
    {
      "id": 2,
      "name": "The ideal spot for your dream Restaurant",
      "image": "images/landPromo.jpg",
      "label": "LandPromo",
      "price": "",
      "featured": true,
      "description": "Find the best place for your next restaurant through Colombo Rent&Sales. We take care of the hassle to get bring you the best and hot location in town. We provide the lowest rate in Sri Lanka "
    }
  ],
  "leaders": [
    {
      "id": 0,
      "name": "Ganidu Bandara",
      "image": "images/avatar.png",
      "designation": "Developer",
      "abbr": "CEO",
      "featured": false,
      "description": "About you"
    },
    {
      "id": 1,
      "name": "Saad Zarook",
      "image": "images/avatar.png",
      "designation": "Developer",
      "abbr": "CFO",
      "featured": false,
      "description": "About you"    
    },
    {
      "id": 2,
      "name": "Saranga",
      "image": "images/avatar.png",
      "designation": "Developer",
      "abbr": "CTO",
      "featured": false,
      "description": "About you"    
    },
    {
      "id": 3,
      "name": "Yashini",
      "image": "images/avatar.png",
      "designation": "Developer",
      "abbr": "EC",
      "featured": false,
      "description": "About you"    
    },
    {
      "id": 4,
      "name": "Gayath",
      "image": "images/avatar.png",
      "designation": "Developer",
      "abbr": "EC",
      "featured": false,
      "description": "About you"    
    },
    {
      "id": 5,
      "name": "Pasindu",
      "image": "images/avatar.png",
      "designation": "Developer",
      "abbr": "EC",
      "featured": false,
      "description": "About you"    
    }
  ],
  "feedback": [
    {
      "firstname": "fdas",
      "lastname": "afds",
      "telnum": "134113",
      "email": "dafdads@daffas.dfdafd",
      "agree": true,
      "contactType": "Email",
      "message": "afadsfds",
      "date": "2017-12-04T09:41:49.890Z",
      "id": 1
    }
  ]
}