REVIEW,SENTIMENT
They need work on the  health concerns~ customer service~ re-evaluate the menu~ taste and freshness of food.,negative
Poor quality food. Charges are too high.,negative
Very bad food,negative
Traditional foods but not healthy.,negative
Very cold rice and curry with cuttlefish~ 400/- nonsense....,negative
Cost is way too much for the quality of buriyani. Buriyani  costs 1150 something  but only  worth 400 to 500 at most. But more importantly taste  was not good at all.,negative
Been going here for some time and the last time I visited one of the dishes were smelling foul and informed them regarding it. Instead of changing the dish or canceling it from the bill they informed that the chef said there's nothing wrong  ,negative
Worst birayani in town Mutton birayani Mutton pieces are rubbery hard Always the best is dindukal talapakatti birayani Thay told me seraga samba But thay used samb rice Nattukoli kulambu thay boiled chiken separatelyand added with masala it  ,negative
I'm hoping it was an off day but had a horrible horrible experience. Food took 55 mins. Order was sent wrong. And the poori was so hard it was jaw breaking. The restaurant wasn't over full either so not sure. Would not go there ever again unfortunately. Sorry.,negative
Not worth the price paid! Below average taste~ Oily pooris~ South Indian chicken soup was clearer than the chicken clear soup~ Chicken lollipop was rosted like papad / murukku  One of the worst Indian restaurant in Colombo!,negative
Food was tasteless and very expensive. Need to improve their food qualityas per the Indian taste.,negative
They must improve much..a calm place ..but service is not good..they delay much..must be improved,negative
Very  Very poor quality don't try,negative
Had very Bad experience with Pani pori was so bad... and Mutton biryani was cold and very les meat but bones   ..  and  we ordered Tangdi Kabab Rs 850/= and they serve in tht only 2 very small piece of  chicken legs . its NOT worth it At  ,negative
We had our friends get together on 7-2-2021 food taste wise below the average. We found hairs on our beef and mutton portion also small spider in our french fries. Finally they given just 5% discount for our 18~000/- bill.  Not recommended for anyone.,negative
Hydrabadi biriyani is not as good as it says in social media.,negative
Food is passable. The wash rooms are very filthy!. The commodes have not been cleaned at all and I almost vommited the moment I saw it. Looks like they don't care for customer comforts and are only concentrate on making money!!. Will never  ,negative
There is a huge delay in processing the orders,negative
I am not very impressed about the service .  This is the second time . 1st was a dine in and this time was a take away.,negative
Tried first time food quality and service was very poor.  Servers dint know whats in the menu amd got something very different from what waiter described. Quality of thr food sucks and not worth  Tip: Avoid during peak as they completely mess up with prep and service!,negative
Quality of Naan gone down. ,negative
Food not tasty at all,negative
Pathetic. These guys are losing track. Previously a great restaurant that offered authentic biryani. Unfortunately~ their biryani was too spicy and not fit for consumption. Had a disappointing experience.,negative
Worst Chicken Tanthoori chicken was not useable,negative
Portion size is reasonable but quality not so. We ordered their special mixed rice. The meat pieces needed a microscope to find them. Also ordered a meat side dish. Again there were 6 teeny pieces of beef and 600 slices of onion . Not acceptable at all However their mango Lassie was awesome as usual . So we had 2 each,negative
I ordered a Tandoori Chicken Kottu for take away and it was so dry. Didn t taste at all. Will I ever go and eat there? NO.,negative
I think the place has a pretty good Ambience~ the food itself felt bland and lacking flavor. Packaging was very clean and service was good. Prices are affordable for most. Overall I wouldn't recommend it though as the food wasn't something I enjoyed.,negative
Food is OK but Waiters Service is absert and very delay in service but low prices compare to other restaurants in the town. I appreciate if they could improve the quality of food along with the better service .,negative
Got a Mongolian rice and a seafood noodles....the Mongolian rice was ok.... But the seafood noodles was horrible.... Totally bland without even salt....,negative
We were served spoiled channa masala with extremely oily chappatti. There was only one staff who was in his sarong (home clothes) and was rude. Extremely disappointed!,negative
Extremely slow service.,negative
Dodgy place,negative
Poor service,negative
Poor service,negative
Poor panipoori,negative
Disappointed Fish ordered but chicken received. When complained response too bad.,negative
The food is not so-much tasty. They are not hot and fresh. Better give it a warm meal.,negative
There was a expired Ginger Ale softdrink bottle. Really disapointed about their service.,negative
No parking. Takes more time to serve food. On that day~ there was a group of visitors came by one full bus and your staff has completely forgotten us and served us even after the other group finished having the dinner. we can even before  ,negative
Poor taste. Not chinese authentic food.,negative
If you go their for credit card offers~ that mean you been scam. This is how it happens. When you ask your bill form waiter~ he will ask you~ how you gone pay. (Cash or card). If you think you gonna use your 25% discount in you HSBC card~  ,negative
This is the second time i got food from this restaurant. And I have vomited 22 times along with sever diahorrea after eating from this place. And i will not recommend this place anyone. In addition~ you should improve the food hygiene or shut the place down as the service being offered is hazardous to the health of your customers.,negative
Service is terrible ~ thats not a hospitality,negative
Awful foods. Very expensive. Not worthy at all.,negative
Place is very nice~ no crawded ~ food os tasty but only problem is little bit delayed~ I ordered just Sprite for drink before eat. But person who served us provide drink almost  with food~ I was asking several time and always reply wait  ,negative
Another coffee shop which targeting the trend of fancy coffee drinking.,negative
Expensive,negative
Food is great but price is on higher side,negative
Cons: 1. Staff defiantly need some training on how to treat customers. 2. Hot chocolate not enough hot. 3. Cheeses cake was not the best one we had. They would not allow us to got upstair's saying there's some renovation going on. but we saw there's some birthday party going on the upstairs.,negative
It has a lovely layout. The setup is very relaxing and enjoyable. Has a decent amount of parking and if that is not sufficient street parking is available. However  the food is horrible. I ordered the Peri peri chicken and it was quite  ,negative
My problem with the place is based purely on the ignorance of the staff. ,negative
Food quality is consistently low.,negative
Food absolutely sucks.,negative
The place have a very nice ambiance. And the service is fast. I only see those two as the plus points to this place.. The price of the food is very high and the portions are small. I ordered a lasagna which was 1200/- ,negative
Was expecting more: few negative things I would like to mention - We were there for lunch. the seating was not comfortable at all. Most tables in ground floor was occupied. We had the option to sit on couch which is not my type of dining.  ,negative
The lasagne was a gloopy brown mess without any tomato sauce in sight or any fragrant herbs. Unhappy with that~ I wanted to order a capriciosa pizza but wanted the black olives substituted by mushrooms~ which in fact are cheaper. the  ,negative
Ordered Alfredo ai Funghi which is listed as vegetarian on the Uber eats app. It came with big pieces of chicken. Low standard of care. Tried to call but they didn't answer.  ,negative
I used to love this resturent~ but my recent experience was absolutely negative. The cocktails we got had  no liqour in it~ with too much ice. Some food items were tasteless and stale. The staff was not  very cooperative and the chefs  serve very small quantity of food in the buffet.,negative
This buffet is an embarrassment to buffets; it's astonishing that they're as busy as they are. We got there around 9pm and most dishes were either empty and almost; One of the staff tried to pass off Edam as cheddar - presumably because  ,negative
Food was horrible. People who were there for the dinner buffet was not in proper attire. Felt like a low class hotel with 0 knowledge of etiquette people. This used to have delicious food and a sushi bar. Now there's no sushi and the food  ,negative
Not what expected.. 4 stars for the staffs and food. As for the price we expected a lot from there.. but nothing is different from another restaurant.. even the seatings or settings~ or the food. Yup! Price and name if you need go for it.  ,negative
Not as good as it's advertised to be. We went for the dinner buffet at 10 am. Some of the items of the buffet were over~ and when asked whether it would be refilled~ they said yes~ but never bothered to do so. Staffs friendly~ but noisy. Overall experience was not as good as we expected it to be~ considering its the kingsbury.,negative
felt that dinner buffet was lacking diversity~ remember it to be better than that~ food was tasty yet but if we were to dine at full price there should be a better selection~ buffet table items were not replenished towards the end of the night~ seems a bit unfair to justify the price.,negative
They have taken Japanese from the dinner menu without any notice. Dissapointed. Heard that they.have open a new Japanes Restaurant...,negative
We were seven of us who went for dinner on a Wednesday which was not a discounted day. By the way this happened to be my fifth visit to this venue~the first being about three years ago. This time the place was a disgrace~ the variety  ,negative
Really poor customer service. On duty banquate manager is also a crazy person. Spoiled the evening which was an cooporate event. People does not know how to handle the customers where you got the market advantage since most of the hotels  ,negative
Not a good place to take dinner,negative
(Translated by Google) Poor buffet ever looked nice everything was only tasteless.  (Original) Slechtse buffet ooit zag er leuk uit alles was alleen smakenloos.,negative
Didn't have the sam ambience due covid restrictions. To be honest it not the hotels fault. But saying that the buffet is not worth the price of we cannot have the same experience,negative
Good view but fairly average food and even worse service.,negative
Very unhelpful staff. Not at all friendly. Did not like the place at all! Christopher especially.  We heard great things about it and we were looking forward to it~ but it was a complete let down!!,negative
Not recommending this place for a hangout on a Friday. Bouncers are really unprofessional.,negative
Really poor quality of food and the service was third class indeed.  They really don't have much consideration for their consumers,negative
Overly priced everything. Nothing we ordered seems good. Disappointed with the experience.,negative
Horrible Food and lousy service,negative
No value for money,negative
Exorbitantly priced drinks,negative
very high prices,negative
 Shitty       ,negative
Not,negative
Overrated place. Tried shawarma and sub. Not satisfied at all.,negative
The food is pretty mediocre but the place has a chilled out vibe.,negative
Useless ambiance. Too busy~ too noisy~ no comfortable   ,negative
Unfortunately the service and quality of the food has gone down. The attitude of the guys who are working there today is below acceptable. To have to wait for 15min for 2x bottles of water. Where as the tiramisu latte came prior and a total  ,negative
First of all~ the front staffs refused us saying they are closed when it was 11pm but they have mentioned in Google they are opened until 12am. Those staffs were very noisy. More mosquitos. Price comparitively expensive. For me it is a waste.,negative
The worst food experience I have ever had.. it took 2 hours to get the food and I get submarines.. (       Srikankan Airlines        ....                     ..) and then the Chicken wrap.. So spicy..            ,negative
The Food was terrible . Bad experience . Order came in late ~Dry and Too Spicy . Terrible,negative
Worst experience.. Parking is horrible and they don't treat you well.. Best of luck to whoever decides to go there..,negative
Quality has gone down alot~ always been a fan of barista but thinking otherwise right now.,negative
Unfortunately the quality nod service has deteriorated significantly. Meanwhile the quality of the coffee and food has become unremarkable~ especially comparing the alternatives nearby. Also poor WiFi.,negative
Not satisfying with it,negative
Inconvenience,negative
I don t think I have to explain much when you see these pictures you get the idea how bad it was.. we didn t eat any of it coz it was that bad.. and their response to my complain is hilarious!!! Blame it on the poor delivery guy ~ it s not  ,negative
Food was mediocre. Ambience was bad. The ACs were not working properly. Switched places three times. It took lot of time for the food to be served.,negative
Very disappointing food we had a avocado on toast. Topping which resembled more butter than avocado was way too overpriced and simply appauling. The coffee was not bad but no choices in milk no soy~almond~oatmeal milk. Place was swarming  ,negative
Tried Chocolate Kuchen (bad) and Brownie with Ice cream(nothing special). Served the old ones~ re heated. Cosy but so warm. Wouldn't recommend,negative
Not much of a healthy menu. service was okay.,negative
Food could be improved more,negative
Coffee cone was a clear winner but sadly everything else was a loser. Food was halfway decent and the drinks were barely passable. The service was respectable but could have been better. The ambiance is very dodgy and could do with a lot of improvement. Would only be coming back for a quick stop to grab a coffee cone.,negative
Not great. But okay,negative
Dropped in here to try out the coffee cones. Although it was a novel concept~ we were a little underwhelmed by it. The nachos were also not that great. The location though is pretty cute. Have heard that the pizzas were recommended~ maybe next time :),negative
Cashier and serving people were very unprofessional,negative
The terrible experience I have ever had. The cakes were so hard and not fresh and the guy who works in the counter has just messed up things and he cannot handle people. Specially coffee and stuuf are not that standard and not tasty though. Not worth the money.,negative
Worst hot chocolate I ever had ..,negative
Ordered a papaya juice here only to be given water with maybe a tiny sprinkle of papaya. If I'd wanted water I'd have asked for water.,negative
Poor service,negative
Cheap coffee. Cramped. Poor customer service. Cheese cake was good though.,negative
So~ I came here with my wife~ expecting good food because of the reviews. Did not get what I was expecting. Had the tuna sandwich~ which turned out to be a 'can' of mashed tuna pretty crudely placed into a bun with a slice of craft singles  ,negative
It took almost one hour to deliver the food. We  ordered 6 sandwiches and they started to deliver one by one ~ and that even took almost one hour to bring the first plate. Keep waiting for so long is the least thing a customer want.,negative
The place is full of ants!,negative
Highly cost,negative
Even after 40 minutes we didnt receive the cheese sandwich we order. Service was really late. I think its due to a not having a system .,negative
Ladies~ Be Aware... !  The guy who is working in this shop is having a desktop camera which he focuses on unsuspecting ladies who are visiting the shop. One such incident happen on Sunday 17.02.2018 at MC Food Court at 1.20 pm where we  ,negative
I personally don't recommend this place at all~ I ordered roast chicken sub plus extra chesse. I only tasted pepper and onions in it. It wasn't roasted chicken it was a little bit of pulled chicken there was more onions than chicken   I paid 70/- for extra cheese and I only got a half of a cheese slices. Really disappointed  ,negative
Got a crispy chicken submarine and some Chinese rolls. The Chinese roll's inside was soo hot like it was cooked in a microwave~ it was crispy had no discernable taste everything inside was mushy couldn't even recognize what I was eating.  ,negative
Got served hot chocolate in a plastic cup with a straw. Wonder if the owners of Bubblelement are aware of what a health hazard this is. Requested to change to a proper cup/mug & was told they had run out of cups. The drink itself tasted very bad. The worst place we have come across in Sri Lanka yet.,negative
Hot drinks in a plastic cup. Overpriced drink which looked all gloopy & disgusting.,negative
Didn't like the bubble effect at all.,negative
Horrible taste :/,negative
Not worth the price,negative
Does not have the menu items most of the time. not visiting again.,negative
Got a stomach problem after I drank their honey dew,negative
Juice flavours are watered down.,negative
They had a limited menu today due to reduced staff in the hot kitchen. We had homemade chicken sausages~ a vegetable sandwich~ and a coffee shake. Unfortunately the coffee shake tasted less like coffee and more of cinnamon. There was a bit  ,negative
I specifically left house because I wanted to eat ice-cream and drove straight to IL Gelato because it's the best ice cream place. When we got here (5:18pm) the door was locked and no one was inside. The lights were on and the sign was on  ,negative
Didn't like the taste and the flavor. Plus the waffle cone was horrible... Not recommended at all!,negative
No selection. Taste is bad. Lack of value for money.,negative
Carnival is far better than this.,negative
Hotline connects to Textile International... no way of getting directions...,negative
Ice cream flavours are really good and tasty. However the prices are not reasonable. You could eat a tub of 1 or 2 litre ice cream bought from a supermarket~ for the price you pay for a scoop or 2 of gelato here. And also the quantity they  ,negative
Extremely high prices 700 for a tiny cup. Even in Europe the balance is better. Caramel Pumpkin or the City Center mall top floor are better options if you want great italian icecream.,negative
To expensive for a one scoop cone ice cream.,negative
The potion that you are getting for the amount you play is less. And the ice cream is not that tasty.,negative
Would not recommend. The staff need to be more trained and customer friendly... very customer friendly.. and they should know that all customers come by paying money.. even if it is Rs100. Treat people the same.,negative
The customer service is absolutely terrible~ treat all customers equally~ i went on a sunday that the looks the cashier gives when you order only one thing.. lol and he literally asked hw long we will be there since it will get crowded. You are running a bloody cafe.. worst place,negative
The place is coming down and they need to renovate it and the service was so bad.,negative
Coffee is Ok but the person who was in the cashier was unfortunately not polite.,negative
They charge 500 extra for cigarettes~ what I couldn t understand.  The coffee is expensive. 10% extra tax and 5 minutes walking the coffe is 140 rs cheeper.,negative
Had a sandwich which was worth the price. Had a coffee which i will never ever have again. The coffee was not worth the price. And a piece of cake again goes with the coffee. Worst coffee shop I ve ever been to.,negative
The quality of service is slightly gone down. Iced americano is like as water.,negative
Service is NOT to my expectation. Not well Trained enough.,negative
very expensive cafe in colombo for facility~ narrow place,negative
Very bad..chemical taste... ,negative
Dirty place and bad taste. Not upto standard,negative
No wash room allso. Poor place.,negative
i won't recommend this place... we went last night and ordered 1 mango sundae & 1 pineapple sundae... inside the pineapple sundae there was hair. the person who was at the cashier was totally weird. when i show him the ice cream~ he didnt  ,negative
Very bad experiences,negative
Well~ nasty place to visit with bathroom smell & no AC at all~ no customer care though file the complaint but not interested into condidered. Please dont wast your time in this NOT TASTY at all~ money making oriented purpose only.,negative
Day by day its tastey & the s nasty~ zero maintanance~ nasty bath room smell~ no AC~ fan or even no one there to assist. Though left the complaints who responded with disgrace.,negative
Ice creams were too sweet. The building was very hot and the seating arrangement was horrible,negative
I have been to Rio Jaffna several times and enjoyed the fantastic taste~ with similar hope i visited this Rio outlet with my kids... I had a bad experience there..my children didn't like ..The service was horrible..seating arrangements are poorly managed... tables were not clean...,negative
Absolutely disgusted to see the chocolate syrup bottle being kept in the bathroom!,negative
Waste of money. Not a real ice cream taste at all.,negative
The ice cream was great! Wasn't very consistent with the amount of ice cream on the three flavours that we bought. And unfortunately found the atmosphere very warm the AC wasn't working and there was a single fan. The tables and restaurant didn't look very clean. Would I come again? Probably not.,negative
It was tasty and worthy for the price.. but had to wait long time till they made our order...,negative
Need to open after 8 pm,negative
Didn't like the taste and the flavor. Plus the waffle cone was horrible... Not recommended at all!,negative
No selection. Taste is bad. Lack of value for money.,negative
Extremely high prices 700 for a tiny cup. Even in Europe the balance is better. Caramel Pumpkin or the City Center mall top floor are better options if you want great italian icecream.,negative
To expensive for a one scoop cone ice cream.,negative
The potion that you are getting for the amount you play is less. And the ice cream is not that tasty.,negative
"They are overcrowded and a confused bunch who are running the place. the mixed up the order and when you try to tell the cashier he has messed up your order he barks on your face.  The manager is helpless and just says ""we understand the  ",negative
The ice cream suxz. I got one chocolate brownie with ice cream and one caramel thingy and they both were terrible. The brownie tasted as if was ages old. And the Carmel thing was yucky as well. Carnival was a go to place for ice cream but I won't be visiting it ever again.,negative
Very Poor service. Staff was not methodical at all. Presentation of the ice cream desserts was terrible.,negative
Went there two weeks ago... service is not satisfy and ice cream is not yummy.. but calm place.,negative
I've been visiting carnival for last 15 year. They have reduced the prices recently along with the quantity and the quality of the ice cream too. Good service Good staff Poor quality and the taste.,negative
You can try a range of their signature ice cream. My personal favrotie is the mint and new York cheese cake flavour.  Better after their refurbishment .  Parking can be bit of a issue if you can be patient you can surely find a spot.  Super stuff. Can recommend.,negative
Ice cream is good and but their washrooms are broken and not clean at all~ public toilets are far better than carnival  washroom,negative
Chaotic place and messy~ no ambience with very poor customer service. Its not a true reflection of an ice cream parlour. They used to be good in the 80's and 90's but have totally lost their plot. With all the negatives~ they still have a large crowd patronising probably as Colombo lacks good options for quality ice cream parlours,negative
First impressions are ok. Ordered a hazel haze but came with an abundance of almond essence extract that was too much for the taste buds. Ice creams are overtly sweet. Typically weekends are fully loaded unfortunately only one cashier to  ,negative
I'm truly disappointed about there customer service. They don't know how to treat customers even a man looks like manager don't know to talk to people..If I can give negative stars I will give negative 5 stars to their customer service,negative
Went there two weeks ago... service is not satisfy and ice cream is not yummy.. but calm place.,negative
Didn't like the taste and the flavor. Plus the waffle cone was horrible... Not recommended at all!,negative
Extremely high prices 700 for a tiny cup. Even in Europe the balance is better. Caramel Pumpkin or the City Center mall top floor are better options if you want great italian icecream.,negative
To expensive for a one scoop cone ice cream.,negative
The potion that you are getting for the amount you play is less. And the ice cream is not that tasty.,negative
Didn't had any ingredients serve items from the menu. For example no   banana ~ how is that possible in Sri Lanka  ~ very disappointing. Very unprofessional. Need new management as even the guy in charge had no idea what is happening.  ,negative
Not recommended..high price,negative
Over price ice cream I have ever seen,negative
Verry poor customer service. I was there for 20 minutes standing in front of the cashiers and novody even bothered to take my order.  Obody even bothered to ask me what i wanted. Instead 3 staff members were busy in making a single cup of  ,negative
Most of the time the popular flavors are not in stock for weeks.  !! Very poor ice cream stock and range always  !!,negative
"I had the most ridiculous experience last night at your Union place branch. I ordered a Thick Shake~ only to be served the thinnest most shameful shake ever. I tell the guy serving me and he tells me that this ""thick shake"" is supposed to  ",negative
Im at the Dupication Road branch~ there is no ventilation~ A/C not working properly and its streaming H O T !!! The worse place to have an Ice cream !,negative
Waste of money,negative
Very bad attitude of staff. Had 2 hot chocolate. Very poor quality. Similar to drinking hot water. Under previous management it was good. Now it's horrible. Don't waste your money on this.,negative
I bought a chocolate flurry for Rs.690 and expected a cup full of chocolates but it was just chocolate ice cream mixed with tiny chocolate pieces. You can definitely find a better option than this. Disappointed !!!!!,negative
Oh man if there is a 0 I'll give it that and not even a 1 star~ the place is bad in all the ways possible~ bathrooms were not cleaned for maybe 3months~ food took really long to arrive and even then it didn't taste any good~ the place was  ,negative
Not so creamy. Have better options available.,negative
Good Shop But can find many other places to buy chocolates than this. they provide a straw to drink the hot chocolate which melts the straw halfway due to extreeme hot in the drink.burning plastic isnt good for health.we dont nee a straw for hot drinks.,negative
Some chocolate rates are too high,negative
Always check the expiry date.,negative
Worst service at mc food court.,negative
Poor service and taste. Price is too much.,negative
Useless,negative
Not worth for it's price,negative
Visited cafe shaze and visited jam as they promoted a 10% discount~ after making my order and making payment I reminded the cashier can I get my discount he said not possible as he has closed my bill.  I had tried street ice cream in  ,negative
Rolled Ice cream was okay but definitely not worth for the price. No difference in ice cream  when rolled. There are places with much tastier ice cream than this. Should try once and see what I meant..,negative
Website says they close at 12am. Went there at 11pm and they tried to refuse to serve us. We managed to convince them to serve us~ and the ice cream was honestly quite exceptional. However~ the refusal to serve even though it was only 11pm was extremely off-putting.,negative
Didn't come up to expectations,negative
Not enough seating space and slow service starting from the cashier,negative
Too expensive. There is no any unique taste same as normal ice cream. Prices are starting from 550/=.,negative
Overly priced. But good selection,negative
Very rude service by the tamil lady~ treats all customers as rogues as if a milk bottle is made.of gold.,negative
They serve only Highland products~ milk~ cheese~ butter~ etc.,negative
"They are overcrowded and a confused bunch who are running the place. the mixed up the order and when you try to tell the cashier he has messed up your order he barks on your face.  The manager is helpless and just says ""we understand the  ",negative
The ice cream suxz. I got one chocolate brownie with ice cream and one caramel thingy and they both were terrible. The brownie tasted as if was ages old. And the Carmel thing was yucky as well. Carnival was a go to place for ice cream but I won't be visiting it ever again.,negative
Went there two weeks ago... service is not satisfy and ice cream is not yummy.. but calm place.,negative
I've been visiting carnival for last 15 year. They have reduced the prices recently along with the quantity and the quality of the ice cream too. Poor quality and the taste.,negative
Ice cream is good and but their washrooms are broken and not clean at all~ public toilets are far better than carnival  washroom,negative
First impressions are ok. Ordered a hazel haze but came with an abundance of almond essence extract that was too much for the taste buds. Ice creams are overtly sweet. Typically weekends are fully loaded unfortunately only one cashier to  ,negative
I'm truly disappointed about there customer service. They don't know how to treat customers even a man looks like manager don't know to talk to people..If I can give negative stars I will give negative 5 stars to their customer service,negative
They didn't have waffle cones. So just one scoop was served in a small cup for which the cost was Rs 350/-.  No much selection as well. Even the service standard is so poor.,negative
After being served their Vanilla Frappe and a Cheeky Coffee shake~ couple of hours later my wife and I experienced severe vomiting and diaherria. Luckily we were both able to reach out to a doctor quickly and were treated for poisoning. Families with little kids~ please beware~ none has to go through what my wife and I experienced.,negative
Didn't had any ingredients serve items from the menu. For example no   banana ~ how is that possible in Sri Lanka  ~ very disappointing. Very unprofessional. Need new management as even the guy in charge had no idea what is happening.  ,negative
Not recommended..high price,negative
Over price ice cream I have ever seen,negative
Verry poor customer service. I was there for 20 minutes standing in front of the cashiers and novody even bothered to take my order.  Obody even bothered to ask me what i wanted. Instead 3 staff members were busy in making a single cup of  ,negative
Most of the time the popular flavors are not in stock for weeks.  !! Very poor ice cream stock and range always  !!,negative
"I had the most ridiculous experience last night at your Union place branch. I ordered a Thick Shake~ only to be served the thinnest most shameful shake ever. I tell the guy serving me and he tells me that this ""thick shake"" is supposed to  ",negative
Im at the Dupication Road branch~ there is no ventilation~ A/C not working properly and its streaming H O T !!! The worse place to have an Ice cream !,negative
Waste of money,negative
I specifically left house because I wanted to eat ice-cream and drove straight to IL Gelato because it's the best ice cream place. When we got here (5:18pm) the door was locked and no one was inside. The lights were on and the sign was on  ,negative
Didn't like the taste and the flavor. Plus the waffle cone was horrible... Not recommended at all!,negative
No selection. Taste is bad. Lack of value for money.,negative
Carnival is far better than this.,negative
Hotline connects to Textile International... no way of getting directions...,negative
Extremely high prices 700 for a tiny cup. Even in Europe the balance is better. Caramel Pumpkin or the City Center mall top floor are better options if you want great italian icecream.,negative
To expensive for a one scoop cone ice cream.,negative
The potion that you are getting for the amount you play is less. And the ice cream is not that tasty.,negative
Foods are good but the customer service very very bad .. the staff are so bad. Thay are working there self.. thay don t know how to speak with customer... Don t go like this shops..  royal bakery management need care about their staff.. need to fix this issue..,negative
Their service is really bad. They never give a good response to phone calls. Poor customer service. Last Thursday  (25/07/2019)~ I have ordered 52 Fish Rolls and 52 Fish Patties for a training session. They said they can't deliver it so  ,negative
No one inside wearing masks not repairable people . Avoid eating from the shop.,negative
No organization had to wait 20 mins to get a tea bun very disorganized.,negative
Really bad place. In peak hours it really crowded and If you went there to eat. You will wait about minmun one and half hours until you get your order. Also when you head in to the kitchen you will never eat from the restaurant really  ,negative
cheap price but careful some times i got stomachache eating this roll.,negative
Your biriyani is so dried with a small chicken piece. Not valuable and not worth the price at all!!!,negative
I bought the fried rice for today's lunch.  The rice was half boiled. I would say this is Horrible.  And it smells so bad. Once I opened it I wanted to puke.  Not worth for 280 rupees at all.  Unfortunately we ordered two packs and threw everything.,negative
"They always mess up delivered orders. Delivery is unreliable via uber eats. They have managed to ""forget"" an item somehow~ every single time. Food is of average taste and quality.",negative
Food is fresh cheap and very nice location. However the bathroom is non functional and service is not too friendly.,negative
bad products but bad (OK) customer service.,negative
Pros: tasty food. Friendly staff. The ambience is adorable. Suitable for a quick bite. Less options in vege. Kajur was tasty. PnS lovers will like this place  Cons: no washrooms.,negative
As usual ran out of snacks,negative
Good but costly...,negative
Poor customer service,negative
Products have become expensive as I feel.,negative
Old reputed bakery.,negative
Fare value for your money.,negative
One stop shop for all your baking needs~ both ingredients and accessories.,negative
Only takeaway. Expensive.,negative
Very Expensive,negative
Hidden gem in 5th lane!! Hard to spot but when u do it s obviously hard to not go inside and check out! Such a cute cozy place and got this cafe vibe! Has a amazing range of cakes available! There are 6 to 8 cakes are available on counter  ,negative
Ok~ with regards to the service and organisation~ however the product will be tasted tomorrow. This edit is after the tasting~ the cake was good~ it's the first time I tried their cake~ usually I get cake from a famous hotel but this time I wanted to try a new place to me~ and I wasn't wrong.,negative
if you are looking for delicious cup cakes one of the best place but when it comes to service very poor service not honest :( i buy cup cakes from there very year for my b'day even tho i like their cupcakes never buying from there ever again :/,negative
Worst cupcakes ever,negative
Worst cupcakes ever,negative
The cake was dry and not moist at all. The customer service can do with a revamping.,negative
It has the worst parking.. Prices are high but they taste good..,negative
we ordered mutton biriyani today at 8.30 pm ~the mutton pieces had fur on them. we immediately called the waiter and the responsible chef but no proper response was given,negative
It took more than 10 minutes for a waiter to arrive and take the order. Waited for 50 minutes for food to arrive and still waiting at the time of posting this review. Dissapointed of their service.  Updated the review after food arrived. Food was delicious. The experience would have been great if food arrived early.,negative
Delicious cakes~ but the service is just awful! We paid for the eclairs~ which we were never given! And this story is not the first time!  Previously~ they put us in a box not at all what we bought.  It s also very bad that big pieces of  ,negative
Ordered a devilled chicken sandwich which looked like a layered sandwich in the image while placing the order but it isn't as shown in the picture~took 45mins to get it ready for which I think for something like this is not worth waiting  ,negative
Place make good look food but is not clean~ go anywhere but not here. Also chairs and tables are dirty. Ugly place!,negative
Terrible place.Food is not good.Got food poisoning after 2 hours of eating.,negative
Recently I purchase a Black Forest cake from them but much expensive compared to the Fab ~ but you can get all variety of cakes and buns with coffees~ open till 11pm ~ overall not recommended highly,negative
They do not deliver on time and never even bother to say sorry.,negative
Quality has drastically dropped,negative
Only one star... food was not good as it displays...,negative
Garbage! Over priced! Not up to standards~ sells this Seeni Sambol bun for 60/- but 5% of it is only the filling! Don t recommend this place at all.,negative
This is the worst place to order food. Customer service is horrible. When we mistakenly ordered the wrong item on Ubereats~ after clicking on proceed within one minute we called to cancel the order. Ubereats representative put me on  ,negative
The jaggery filled kimbula bun was a disgrace to Paan Paan~ only to find a half inch smeared jaggery melted within the bun. Never going back.,negative
Not enough space. Poor service  (only one guy was there) when we tried to order he just said everything is over in a rude way. Haven't tasted any food but service is bad,negative
Pathetic,negative
"Got a 6"" tandoori chicken sub. Not worth the price. And too much salt Barely edible",negative
Small pastry shop. Prices are expensive,negative
Very poor service,negative
Got a pineapple gateau delivered from kapruka from here.. Was so stale and not edible at all,negative
Is not pleased with the taste or the quality of the cakes. Always dry & taste cheap.,negative
This place should be avoided by all locals. Their staff have no manners and do not care about the local customers at all.  We placed our order and asked fot our drinks to be delivered before the food. Then some tourists walked in placed  ,negative
Always full and not enough parking space,negative
Worst cake shop I have ever seen in Kolpity. Pagoda used to have a really good reputation and quality products. But now they have become the worst place ever. Today we bought a cake for office birthday celebration and the cake had a very  ,negative
Overpriced very poor quality food.  Place not kept well,negative
P&S provides only alternative solutions for food scarcity at WTC. Food is a mafia there as all other food outlets have exorbitantly priced their foods. However don't buy rice n curry lunch from P&S. It's really horrible. Today my pack had half boiled dhal.,negative
Cheap food outlet in the WTC basement,negative
Unable to locate the shop inside the building. No sign. Food is good.,negative
The cake i bought was old and was smelling bad. It was my birthday treat they ruined with that cake. It was on the shelf and heres and advice~ please don't buy any cake from them if it's on the shelf. Coz you'll never know how old it would be,negative
Disappointed about the taste of cakes. Cakes looked great but not the taste and quality.They used to have the best high tea experience in Colombo before but now the quality has dropped.,negative
