﻿REVIEW,SENTIMENT
No1 non veg tamil style food shop in co 06. But. This place is good only for the parcel food . Very difficult to catch the table and inside very hot . There are no ventilation method. Only fan circulate the hot moisture air inside the shop. Better to take the food away. Other wise good,positive
Feel like home cooked. Should try the place if you're not looking for a cozy restaurant type. Love the food,positive
Good but not best,positive
Amazon spicy Crabs!,positive
Good decent food. Little warm even with ac,positive
Good food,positive
Tasty food. Value for money. Comfortable seating. Excellent customer service.,positive
Had the beef sub and Tandoori Chicken kothu.   The Kothu portion was sufficient for 2 people. Food was great and highly recommended for family dinners,positive
This place have super good food. I always enjoy their food since the potion is always enough for 2~ its so warm and the taste is sooo good. I wish i could give them 5 stars but unfortunately I can't. I am a fan of kottu and its hard to find  ,positive
Tasty food with reasonable price. So friendly,positive
First-time orderd naan and chicken tikka with pani puri. though food arrived late it was yummy and enjoyed the food  ,positive
Loved the food~ Naan with mutton masla. More of a Housing environment~ only one hatchback vehicle can be parked. Less staff~ only one or two. Despite of these drawbacks~ the food tastes good ..,positive
we ordered soft drinks and one of the soft drink has been expired before more than 2 weeks. We saw that after we use it. Complained to manager and he did nothing. Only  ,positive
They charge only for the food~there is no service charges...,positive
Another one of those small cafe type pop outs by Jawatta Road. It s right in front of Java lounge. The ambiance is decent. The menu is very limited having a few pizza~ crepe and waffle options. Taste of the food is average.,positive
Cute little cafe. Went in for crepes and tea~ but the crepes are a little too crunchy and sweet for my liking~ but the cardamom tea was quite nice.,positive
"prices were not cheap but food was good except for the dish ""chick on a plate"" where the chicken was rather raw and when it was sent back to the kitchen they told us that it wasn't raw when everyone at the table tried a piece and confirmed in fact that it was raw other than that mishap everything else was top notch food wise.",positive
Had gone for desert was really good value for money,positive
A Very well maintained Gourmat with fair amount of choices to have. Quick service  and above all the food is very tasty. A Nice place with easy access and less crowd.,positive
Very nice place...cozy~clean and good food at very reasonable prices. The menu is quite limited.service is excellent.,positive
Great customer service.. budget friendly Good food Definitely will come again,positive
Delicious Korean foods I ever had and various options to select .the pricing also pretty reasonable  Yum.,positive
Best Kimbap I ve eaten   & I really like this Place~ the food has really good flavors. The owner/chef hand makes so much of the food. All the pickled vegetables are homemade and yummy! The owner is a super nice helpful guy. He goes out of his way to help and accommodate.  Great service!!,positive
Tried tteokochchi. I didn't like the flavour. It is really sweet with spices too. But i think that is my taste. Try yourself,positive
Great food~ good customer service~ worth for money,positive
Second time having Korean food and we simply loved it.this restaurant is managed by a Korean couple.we ordered cheese tteokbokki which is Korean rice cake and kimbap with Korean fried chicken.both meals were delicious but rice cake portion were too small. Kimbap with fried chicken-2000/- Cheese tteokbokki- 1500/-,positive
Polite~ friendly service and delicious food,positive
Sandwich~ Korean food restaurant The food tastes ok .. ,positive
Tteokbokki has been delicious for a long time,positive
Simple and delicious! A tiny slice of Korea in the heart of Colombo. The dine in area is a bit small so suggest checking seating availablity before going if you are going with a crowd. Owner is very frindly too. Loved it!,positive
A small restaurant with a cozy atmosphere. The service is good and are very helpful. Their is a wide variety of choices if you are a met lover and their BBQ met was really good. Not much parking space and the shop front has a limited space  ,positive
New Grill place in town. You can able to try Grilled Ribs ~ Lambs ~ Beefs ~ Chicken and sausages here. We had a good experience here. There price also reasonable. They have 10% service charge and BYOB facility.  Place is clean and they adopt to new covid19 norm.,positive
Being a Grill lover~ I would highly recommend this place as one of the best in town. Texture and the taste of the Grills are simply amazing and value for money. Good place to chill with friends ,positive
This restaurant is surely one of the finest place to eat.Always when I come to this place I am incredibly glad. They preserve their high level service and the topmost level of meals they provide. You are always happy with this restaurant. Very recommended.,positive
The best BBQ experience in town. Spot location and friendly staff. It's BYOB and pet friendly restaurant in town with outside dine in facility. Highly recommended to experience the grilled meat and grilled seafood varieties.,positive
Tried the mixed grill platter yesterday.... It was soo  grillicious..... And the               (mashed potatoes) was awesome too... Keep up the good work....,positive
A small restaurant with a cozy atmosphere. The service is good and are very helpful. Their is a wide variety of choices if you are a met lover and their BBQ met was really good. Not much parking space and the shop front has a limited space  ,positive
If you are looking for a perfect grill~  The Grill  by Doctor's Kitchen is the place to go. Super delicious mouth watering grilled lamb are to die for. Great service & friendly management. Would most definitely be visiting again. Highly Recommend!!,positive
This cozy restaurant is with the best impressions! Amazing barbecues in town with vegetarian and meat options. A comfort place to hang around with your family & friends. Highly recommended for barbecue lovers!!,positive
A truly amazing culinary experience! I tried the Ayam Sakan~ Mutton rice~ Chocolate mousse and the Passion fruit mousse. The Mutton rice blew me away from the very first mouth! It was definitely out of this world. ,positive
Best as always. Lots more to try....,positive
The rice and curry was very tasty. Actually one of the best rice and curry packets I have had in cmb. I hope they can maintain the quality. Best of luck.,positive
I've tried the baked crab and the chocolate mousse and it's absolutely delicious! The baked crab was so creamy and soft that it feels like it's melting in your mouth. The chocolate mousse was equally moist and creamy. It was just the right texture. Good job!,positive
Tried their baked crab - It was the best baked crab tasted by me with liquor in it. Their carrot & orange soup & the vegetable soup was yummy !!! The passion fruit mousse was awesome too !!! Their menu is limited ,positive
Nice restaurant and got a nice outdoor space for private events,positive
Fine dining restaurant. Food is good. Try their steak. The ambience outside needs work! But overall it s good.,positive
Chilled out place with a cozy garden out back. Burgers were juicy and delicious. Manager and staff were very friendly. Liquor is also available.,positive
The environment looks good.,positive
A quiet place~ lives up to it's billing. The food is on the pricey side~ but is well worth the price. Very helpful and accommodating staff,positive
It's nice to have an outdoor table and the bar inside is nice.  The food setting is luxurious and delicious. The staff are kind and try to comply with our demands. Places I often want to come.,positive
Great food! Definitely will visit again. Try their pulled pork tacos  ,positive
Great ambiance. Excellent food. Definitely worth a visit.,positive
Super food with excellent sheltered open private dining space at the back - comfortably held a crowd of 30 for dinner.,positive
Great food for the price. Pretty filling and delicious. Worth the money spent. The atmosphere is pretty cool too. Good for hangouts. It has a sense of class with the lighting and the decor. Recommended for food~ hangouts and good  ,positive
The ambience was nice.... Looked really pleasant.. The coffee was good but not hot enough. All the cold beverages literally tasted the same & specially the classic mojito and the kiwi win tasted the same. Just the color was different...  ,positive
Nice place to hang out. Prices are a bit high had a spicy chicken pasta n a cabonara unfortunately not seasoned. Apart from that chill atmosphere.,positive
(Translated by Google) The small garden is very pretty~ it brings a romantic atmosphere   a very warm and attentive~ a staff at the top !! however the dishes lacked seasoning ..  (Original) Le petit jardin est tr s joli~ il apporte une  ,positive
This place looks small on the outside but it s quite spacious inside. The pizza here is really good and the service is excellent.  Parking isn t an issue after office hours(after 5pm) since the road outside provides ample space to park.  The ambiance is really nice. Perfect for a date.  Overall a good experience!,positive
I randomly visited this place with a few other friends and it was such a pleasant experience. The staff was amazing and very well experienced. Also the pizza they serve is very well cooked and presented. Would recommend :),positive
Great value for money... authentic flavour.. superb service. Nice location and thin crust pizzas,positive
Real THIN crust pizza for the lovers of the authentic Italian food! Not so spicy as we Sri Lankans are usually accustomed to~ but that does not stop enjoying the flavours. 12 inch pizza in two-flavours are prepared on request~ and that  ,positive
Really good pizza~ cozy place (way more spacious than it looks from the outside!)~ good service. No separate parking but can park on the roadside. Slightly on the higher side of the pricing range. They provide salt~ pepper~ pickled  ,positive
This is a well maintained restaurant~ with ample space and seating. The service is really good and professional. They have varieties of pizzas which I think is a healthier options when compared with other pizza outlets in the country. There  ,positive
Very tasty lasagna. Friendly staff. Prompt service.,positive
Delicious foods,positive
Great spread at reasonable rates.,positive
Good Place. Great food,positive
Absolutely fabulous food!,positive
Lovely atmosphere   Average selection of food for a buffet  ,positive
The food is great~ the staff are excellent. But the reason for 3/5 stars is the new buffet style~ you cant dish your food~ instead a staff member will dish for you.  The issues here is that you cant choose your portion size~ theres usually  ,positive
Graze Kitchen is basically the old Spices restaurant at Hilton Colombo which recently went through a major rebranding. The extensive buffet spread is definitely a plus point and it has a range of food from Japan~ China~ Italy~ India~ Sri  ,positive
Yummy,positive
Beef steaks in Colombo! Delicious and juciy pieces~ well presented and with different side options to choose from. Staff is kind and willing to assist guests. I loved the ambience and the view. Sad that now you cannot see the sea as Port City is under construction  .,positive
Seafood grill player: super fresh~ perfectly cooked and seasoned. Will definitely go back!,positive
I must say that I am extremely pleased with my experience here. I admire the great variety of cuisine offered here~ in contrast  with some other high profile hotels within the proximity... I admit this was just my 4th visit~ but I know one  ,positive
Excellent service,positive
I recently visited The Grill with my family and I must say that the service was impeccable. The staff was very attentive and friendly~ and kept checking on us~ so a definite thumbs up for that. The food was simply delicious~ the portions  ,positive
Very delicious food served here. You can pick your own seafood and they have different ways to cook it. I personally like the grill very much. The seafood are fresh and the selection is good.,positive
Amazing food and hospitable staff. Ideal place for a decent fine dining experience. Highly recommended.,positive
The food is amazing and beyond expectations. Excellent service and very plesent staff.,positive
Not expensive like others~ Minimum Cost with Minimum Taste,positive
Decent food for a decent price. Will keep coming back.,positive
Delicious food~ specially the Pakistan parata. Fast service. Highly recommended,positive
Great food. A tiny food joint on manning place With tasty subs. And a superb masala tea filled with spices.,positive
Best food. Love it.,positive
Loved the food. Ordered it as a midnight snack and it was actually a full meal. It was delicious. Try this place out~ you won't be disappointed!,positive
A cozy and lovely interior! Haven't check their foods yet!,positive
I went there for a Scrabble competition. It's a nice cozy place. We shared a portion of vegetable fritters. It was nice and came with a chickpea flour dip. The place is meant to be a cosy spot to read and I loved the idea.,positive
Awesome coffee! Great service Also a quiet place to get some work done.,positive
Awesome coffee! Great service~ and if you are a reader a great place to check out some good books (new and old) . Also a quiet place to get some work done.,positive
Food and the entire vibe which goes with reading is so nice! Would love to come over~ again and again! A must try spot! ,positive
Amazing place to hang out with a few friends and the best part is they have got a mini library there~ too.,positive
One of the best places to stay long hours,positive
Nice place for a chat And to study,positive
Ask for Hichis~ and his recommendations! great food and overall service :) will visit again.,positive
A cosy coffee shop located on Marine drive at the end of Milagiriya avenue. went with my friends.. place is small but looks warm and cosy. they have variety of coffees to choose.. a bit pricey though,positive
Good,positive
Affordable and delicious. fast service. Love it,positive
Friendly staff and awesome foods!!,positive
Affordable and delicious. fast service. Love it,positive
Nice & Quite place to hang around     They have number of rooms inside. Can reserve  rooms for events~ meetings~ Study groups etc..  FOOD IS GOOD BUT..  Chicken Lasagna was good but not exceptionaly..  English Breakfast came with a coffee  ,positive
A branch of the Cafe La Defense in Park Road. Has private parking and cost seating area. Was there couple of times for business meetings and they are very accommodative. Hot Chocolate and Americano are great choice.,positive
Best English breakfirst ever had..... Wonderfull place to taste deserts... Dinner is full atractive than day... Hope to visit again soon   ,positive
Cool place for a caffeine drink and the dishes are just awe so delicious. Tried the potato wedges and a kit kat shake and loved it to bits! The place is very spacious and has a greenery area for a outdoor table. Recommended for a evening coffee with friends and your loved ones. Has a privacy area as well  ,positive
Always a pleasure going here. Their cold chocolate is amazing.,positive
Great service and delicious food  ,positive
Food was great and not very expensive. Should try the prawn pasta and the blueberry mocktail.,positive
They serve some delicious meals...,positive
Tasty food  . highly recommend. Excellent customer service  . love that place,positive
Great American Breakfast. Really worth. Only 800/= including a    cofee,positive
Not bad. Food is ok,positive
Good to have tea,positive
A place that never disappoints. It s a comfortable place which gives you extreme solitude and the coffee shop vibes. I have always loved their wide range of cakes.,positive
Good food,positive
Excellent sausages here with great cakes and pies in Colombo.,positive
nice silent place away from the crowded city..good place for a evening coffee,positive
Friendly host~  smoking section.,positive
As always~ the best and tastiest cake shop in Colombo.,positive
Love their food and juice..service is pretty excellent:),positive
Good,positive
For a new store the choices were good. Five different types of ice creams were purchased and among them most of them tastes better. The Mango was most sort after. Being a new place seems like it requires a little bit of interior work done  ,positive
